-- Menyisipkan data ke dalam tabel Pelanggan
INSERT INTO Pelanggan (nama, nomor_telepon, email, alamat) VALUES
('Andi Wijaya', '081234567890', 'andi.wijaya@example.com', 'Jl. Melati No.10, Jakarta'),
('Budi Santoso', '081234567891', 'budi.santoso@example.com', 'Jl. Mawar No.12, Surabaya'),
('Citra Dewi', '081234567892', 'citra.dewi@example.com', 'Jl. Anggrek No.5, Bandung'),
('Dewi Kusuma', '081234567893', 'dewi.kusuma@example.com', 'Jl. Kamboja No.9, Yogyakarta'),
('Eko Prasetyo', '081234567894', 'eko.prasetyo@example.com', 'Jl. Kenanga No.3, Medan'),
('Fajar Nugroho', '081234567895', 'fajar.nugroho@example.com', 'Jl. Srikaya No.4, Semarang'),
('Gita Lestari', '081234567896', 'gita.lestari@example.com', 'Jl. Durian No.6, Palembang'),
('Hadi Putra', '081234567897', 'hadi.putra@example.com', 'Jl. Salak No.7, Bali'),
('Ika Sari', '081234567898', 'ika.sari@example.com', 'Jl. Jambu No.8, Makassar'),
('Joko Wibowo', '081234567899', 'joko.wibowo@example.com', 'Jl. Rambutan No.11, Padang'),
('Kiki Amalia', '081234567800', 'kiki.amalia@example.com', 'Jl. Apel No.13, Malang'),
('Lia Septiani', '081234567801', 'lia.septiani@example.com', 'Jl. Mangga No.15, Lampung'),
('Mila Utami', '081234567802', 'mila.utami@example.com', 'Jl. Kedondong No.2, Pontianak'),
('Nia Rahma', '081234567803', 'nia.rahma@example.com', 'Jl. Sawo No.3, Denpasar'),
('Oka Saputra', '081234567804', 'oka.saputra@example.com', 'Jl. Belimbing No.9, Manado'),
('Putu Ananda', '081234567805', 'putu.ananda@example.com', 'Jl. Pepaya No.17, Kupang'),
('Qori Hasan', '081234567806', 'qori.hasan@example.com', 'Jl. Semangka No.21, Pekanbaru'),
('Rani Dewi', '081234567807', 'rani.dewi@example.com', 'Jl. Manggis No.19, Ternate'),
('Sari Puspita', '081234567808', 'sari.puspita@example.com', 'Jl. Delima No.14, Jayapura'),
('Tomi Gunawan', '081234567809', 'tomi.gunawan@example.com', 'Jl. Menteng No.20, Banda Aceh'),
('Umi Kalsum', '081234567810', 'umi.kalsum@example.com', 'Jl. Gandaria No.22, Palu'),
('Vino Setiawan', '081234567811', 'vino.setiawan@example.com', 'Jl. Cemara No.18, Jambi'),
('Wulan Sari', '081234567812', 'wulan.sari@example.com', 'Jl. Ketapang No.16, Mataram'),
('Xena Anggraeni', '081234567813', 'xena.anggraeni@example.com', 'Jl. Bambu No.7, Tasikmalaya'),
('Yudi Purnama', '081234567814', 'yudi.purnama@example.com', 'Jl. Aren No.5, Banjarmasin'),
('Zahra Maulida', '081234567815', 'zahra.maulida@example.com', 'Jl. Bidara No.4, Balikpapan'),
('Ali Rahman', '081234567816', 'ali.rahman@example.com', 'Jl. Flamboyan No.8, Serang'),
('Bella Maharani', '081234567817', 'bella.maharani@example.com', 'Jl. Kelapa No.12, Bandar Lampung'),
('Cindy Alviani', '081234567818', 'cindy.alviani@example.com', 'Jl. Pinus No.10, Cirebon'),
('Dani Santoso', '081234567819', 'dani.santoso@example.com', 'Jl. Jati No.14, Purwokerto');


-- Menyisipkan data ke dalam tabel Pegawai
INSERT INTO Pegawai (nama, nomor_telepon, email, posisi, gaji, tanggal_mulai_kerja) VALUES
('Andi Wijaya', '081234500001', 'andi.wijaya@example.com', 'Manager', 8000000, '2020-01-15'),
('Budi Santoso', '081234500002', 'budi.santoso@example.com', 'Developer', 7000000, '2021-03-20'),
('Citra Dewi', '081234500003', 'citra.dewi@example.com', 'Designer', 6500000, '2022-04-25'),
('Dewi Kusuma', '081234500004', 'dewi.kusuma@example.com', 'Analyst', 6000000, '2019-06-12'),
('Eko Prasetyo', '081234500005', 'eko.prasetyo@example.com', 'HRD', 7500000, '2018-07-18'),
('Fajar Nugroho', '081234500006', 'fajar.nugroho@example.com', 'Marketing', 6800000, '2020-09-01'),
('Gita Lestari', '081234500007', 'gita.lestari@example.com', 'Finance', 7000000, '2019-02-14'),
('Hadi Putra', '081234500008', 'hadi.putra@example.com', 'Developer', 7100000, '2021-05-30'),
('Ika Sari', '081234500009', 'ika.sari@example.com', 'Sales', 6700000, '2021-11-19'),
('Joko Wibowo', '081234500010', 'joko.wibowo@example.com', 'Customer Support', 6000000, '2018-08-23'),
('Kiki Amalia', '081234500011', 'kiki.amalia@example.com', 'Manager', 8000000, '2019-12-15'),
('Lia Septiani', '081234500012', 'lia.septiani@example.com', 'Analyst', 6400000, '2020-01-08'),
('Mila Utami', '081234500013', 'mila.utami@example.com', 'Sales', 6900000, '2022-02-13'),
('Nia Rahma', '081234500014', 'nia.rahma@example.com', 'Finance', 7100000, '2018-03-22'),
('Oka Saputra', '081234500015', 'oka.saputra@example.com', 'Marketing', 6700000, '2020-10-07'),
('Putu Ananda', '081234500016', 'putu.ananda@example.com', 'Designer', 6500000, '2019-04-09'),
('Qori Hasan', '081234500017', 'qori.hasan@example.com', 'Developer', 7000000, '2021-07-16'),
('Rani Dewi', '081234500018', 'rani.dewi@example.com', 'Customer Support', 6000000, '2022-03-04'),
('Sari Puspita', '081234500019', 'sari.puspita@example.com', 'HRD', 7500000, '2019-11-11'),
('Tomi Gunawan', '081234500020', 'tomi.gunawan@example.com', 'Manager', 8200000, '2018-06-05'),
('Umi Kalsum', '081234500021', 'umi.kalsum@example.com', 'Sales', 6800000, '2022-01-02'),
('Vino Setiawan', '081234500022', 'vino.setiawan@example.com', 'Finance', 7100000, '2020-02-20'),
('Wulan Sari', '081234500023', 'wulan.sari@example.com', 'Customer Support', 6000000, '2021-04-12'),
('Xena Anggraeni', '081234500024', 'xena.anggraeni@example.com', 'Analyst', 6500000, '2020-06-18'),
('Yudi Purnama', '081234500025', 'yudi.purnama@example.com', 'Designer', 6600000, '2018-10-28'),
('Zahra Maulida', '081234500026', 'zahra.maulida@example.com', 'Marketing', 6800000, '2019-08-05'),
('Ali Rahman', '081234500027', 'ali.rahman@example.com', 'Finance', 7200000, '2018-05-12'),
('Bella Maharani', '081234500028', 'bella.maharani@example.com', 'Developer', 7100000, '2021-09-17'),
('Cindy Alviani', '081234500029', 'cindy.alviani@example.com', 'Sales', 6700000, '2022-11-09'),
('Dani Santoso', '081234500030', 'dani.santoso@example.com', 'HRD', 7500000, '2020-03-21');


-- Menyisipkan data ke dalam tabel Layanan
INSERT INTO Layanan (nama_layanan, deskripsi, durasi, harga) VALUES
('Haircut Basic', 'Potongan rambut dasar dengan gaya klasik', 30, 50000),
('Haircut Premium', 'Potongan rambut eksklusif dengan penataan profesional', 45, 80000),
('Haircut & Beard Trim', 'Potong rambut dan rapikan janggut', 60, 100000),
('Beard Trim', 'Rapikan dan bentuk janggut sesuai preferensi', 20, 40000),
('Full Shave', 'Cukur habis dengan teknik halus', 25, 35000),
('Shampoo & Scalp Massage', 'Pijat kulit kepala dan keramas rambut', 20, 30000),
('Hair Color', 'Pewarnaan rambut dengan pilihan warna sesuai keinginan', 60, 120000),
('Highlights', 'Highlight rambut untuk efek warna menonjol', 90, 150000),
('Keratin Treatment', 'Perawatan keratin untuk rambut lurus dan halus', 120, 200000),
('Scalp Treatment', 'Perawatan kulit kepala untuk kesehatan rambut', 45, 75000),
('Hot Towel Shave', 'Cukur dengan handuk panas untuk pengalaman nyaman', 30, 50000),
('Facial Treatment', 'Perawatan wajah untuk kesegaran dan kelembapan kulit', 40, 70000),
('Hair Wash', 'Pencucian rambut dengan sampo khusus', 15, 20000),
('Kids Haircut', 'Potongan rambut khusus anak-anak', 25, 40000),
('Senior Haircut', 'Potongan rambut khusus untuk pria senior', 30, 45000),
('Hair Spa', 'Spa rambut untuk melembapkan dan menyehatkan rambut', 60, 90000),
('Beard Coloring', 'Pewarnaan janggut sesuai warna pilihan', 30, 50000),
('Grey Blending', 'Teknik blending untuk menyamarkan uban', 45, 95000),
('Buzz Cut', 'Potongan rambut pendek sederhana', 20, 30000),
('Undercut Styling', 'Penataan rambut gaya undercut', 45, 75000),
('Pompadour Styling', 'Penataan rambut dengan gaya pompadour', 30, 60000),
('Side Part Styling', 'Penataan rambut dengan gaya belah samping', 25, 55000),
('Skin Fade', 'Potongan fade yang halus hingga kulit', 40, 70000),
('Mohawk Styling', 'Penataan rambut dengan gaya mohawk', 35, 65000),
('Flat Top Cut', 'Potongan rambut flat top', 30, 60000),
('Classic Shave', 'Cukur klasik dengan pisau cukur', 20, 30000),
('Signature Haircut', 'Potongan rambut signature dari barbershop', 50, 85000),
('Line Up', 'Penataan garis rambut dengan teknik rapi', 20, 25000),
('Eyebrow Trim', 'Rapikan alis untuk tampilan bersih', 10, 15000),
('VIP Package', 'Paket lengkap (potong rambut, pijat, dan cukur)', 90, 200000);


-- Menyisipkan data ke dalam tabel Jadwal
INSERT INTO Jadwal (id_pegawai, hari, jam_mulai, jam_selesai) VALUES
(1, 'Senin', '08:00:00', '10:00:00'),
(2, 'Senin', '10:30:00', '12:30:00'),
(3, 'Selasa', '08:00:00', '10:00:00'),
(4, 'Selasa', '10:30:00', '12:30:00'),
(5, 'Rabu', '08:00:00', '10:00:00'),
(6, 'Rabu', '10:30:00', '12:30:00'),
(7, 'Kamis', '08:00:00', '10:00:00'),
(8, 'Kamis', '10:30:00', '12:30:00'),
(9, 'Jumat', '08:00:00', '10:00:00'),
(10, 'Jumat', '10:30:00', '12:30:00'),
(11, 'Sabtu', '08:00:00', '10:00:00'),
(12, 'Sabtu', '10:30:00', '12:30:00'),
(13, 'Minggu', '08:00:00', '10:00:00'),
(14, 'Minggu', '10:30:00', '12:30:00'),
(15, 'Senin', '08:00:00', '10:00:00'),
(16, 'Senin', '10:30:00', '12:30:00'),
(17, 'Selasa', '08:00:00', '10:00:00'),
(18, 'Selasa', '10:30:00', '12:30:00'),
(19, 'Rabu', '08:00:00', '10:00:00'),
(20, 'Rabu', '10:30:00', '12:30:00'),
(21, 'Kamis', '08:00:00', '10:00:00'),
(22, 'Kamis', '10:30:00', '12:30:00'),
(23, 'Jumat', '08:00:00', '10:00:00'),
(24, 'Jumat', '10:30:00', '12:30:00'),
(25, 'Sabtu', '08:00:00', '10:00:00'),
(26, 'Sabtu', '10:30:00', '12:30:00'),
(27, 'Minggu', '08:00:00', '10:00:00'),
(28, 'Minggu', '10:30:00', '12:30:00'),
(29, 'Senin', '08:00:00', '10:00:00'),
(30, 'Senin', '10:30:00', '12:30:00');


-- Menyisipkan data ke dalam tabel JanjiTemu
INSERT INTO JanjiTemu (id_pelanggan, id_pegawai, id_layanan, tanggal, jam, status) VALUES
(41, 1, 23, '2024-11-10', '10:00', 'Dijadwalkan'),
(42, 2, 24, '2024-11-11', '11:00', 'Dijadwalkan'),
(43, 3, 25, '2024-11-12', '12:00', 'Dijadwalkan'),
(44, 4, 26, '2024-11-13', '13:00', 'Dijadwalkan'),
(45, 5, 27, '2024-11-14', '14:00', 'Dijadwalkan'),
(46, 6, 28, '2024-11-15', '15:00', 'Dijadwalkan'),
(47, 7, 29, '2024-11-16', '16:00', 'Dijadwalkan'),
(48, 8, 30, '2024-11-17', '17:00', 'Dijadwalkan'),
(49, 9, 31, '2024-11-18', '10:00', 'Dijadwalkan'),
(50, 10, 32, '2024-11-19', '11:00', 'Dijadwalkan'),
(51, 11, 33, '2024-11-20', '09:00', 'Dijadwalkan'),
(52, 12, 34, '2024-11-21', '10:30', 'Dijadwalkan'),
(53, 13, 35, '2024-11-22', '12:15', 'Dijadwalkan'),
(54, 14, 36, '2024-11-23', '13:45', 'Dijadwalkan'),
(55, 15, 37, '2024-11-24', '14:50', 'Dijadwalkan'),
(56, 16, 38, '2024-11-25', '15:30', 'Dijadwalkan'),
(57, 17, 39, '2024-11-26', '09:00', 'Dijadwalkan'),
(58, 18, 40, '2024-11-27', '10:15', 'Dijadwalkan'),
(59, 19, 41, '2024-11-28', '11:45', 'Dijadwalkan'),
(60, 20, 42, '2024-11-29', '12:00', 'Dijadwalkan'),
(61, 21, 43, '2024-11-30', '13:30', 'Dijadwalkan'),
(62, 22, 44, '2024-12-01', '14:00', 'Dijadwalkan'),
(63, 23, 45, '2024-12-02', '15:00', 'Dijadwalkan'),
(64, 24, 46, '2024-12-03', '16:00', 'Dijadwalkan'),
(65, 25, 47, '2024-12-04', '09:00', 'Dijadwalkan'),
(66, 26, 48, '2024-12-05', '10:00', 'Dijadwalkan'),
(67, 27, 49, '2024-12-06', '11:00', 'Dijadwalkan'),
(68, 28, 50, '2024-12-07', '12:00', 'Dijadwalkan'),
(69, 29, 51, '2024-12-08', '13:00', 'Dijadwalkan'),
(70, 30, 52, '2024-12-09', '14:00', 'Dijadwalkan');
 

 
-- Menyisipkan data ke dalam tabel Pembayaran
INSERT INTO Pembayaran (id_janji_temu, metode_pembayaran, status_pembayaran, jumlah) VALUES
(5, 'QRIS', 'Lunas', 750000),
(6, 'CASH', 'Pending', 850000),
(7, 'DEBIT', 'Lunas', 650000),
(8, 'KREDIT', 'Pending', 950000),
(9, 'TRANSFER BANK', 'Lunas', 700000),
(10, 'QRIS', 'Lunas', 820000),
(11, 'CASH', 'Pending', 790000),
(12, 'DEBIT', 'Lunas', 680000),
(13, 'KREDIT', 'Pending', 920000),
(14, 'TRANSFER BANK', 'Lunas', 770000),
(15, 'QRIS', 'Lunas', 730000),
(16, 'CASH', 'Pending', 660000),
(17, 'DEBIT', 'Lunas', 890000),
(18, 'KREDIT', 'Pending', 750000),
(19, 'TRANSFER BANK', 'Lunas', 850000),
(20, 'QRIS', 'Lunas', 650000),
(21, 'CASH', 'Pending', 950000),
(22, 'DEBIT', 'Lunas', 700000),
(23, 'KREDIT', 'Pending', 820000),
(24, 'TRANSFER BANK', 'Lunas', 790000),
(25, 'QRIS', 'Lunas', 680000),
(26, 'CASH', 'Pending', 920000),
(27, 'DEBIT', 'Lunas', 770000),
(28, 'KREDIT', 'Pending', 730000),
(29, 'TRANSFER BANK', 'Lunas', 660000),
(30, 'QRIS', 'Lunas', 890000),
(31, 'CASH', 'Pending', 750000),
(32, 'DEBIT', 'Lunas', 850000),
(33, 'KREDIT', 'Pending', 650000),
(34, 'TRANSFER BANK', 'Lunas', 950000);



-- Menyisipkan data ke dalam tabel Ulasan
INSERT INTO Ulasan (id_janji_temu, rating, komentar) VALUES
(5, 5, 'Pelayanan sangat memuaskan!'),
(6, 4, 'Sangat baik, tapi ada sedikit antrian'),
(7, 3, 'Pelayanan oke, tapi perlu lebih cepat'),
(8, 5, 'Sangat direkomendasikan!'),
(9, 4, 'Rapi dan ramah, namun ruang tunggu agak penuh'),
(10, 2, 'Kurang sesuai dengan ekspektasi'),
(11, 5, 'Layanan top, tempat bersih dan nyaman'),
(12, 3, 'Hasil potongan biasa saja'),
(13, 4, 'Pelayanan cukup baik'),
(14, 5, 'Sangat memuaskan, pasti akan kembali lagi'),
(15, 4, 'Kualitas baik, sedikit mahal'),
(16, 1, 'Tidak sesuai dengan permintaan saya'),
(17, 3, 'Cukup memuaskan'),
(18, 5, 'Hasil sangat bagus, profesional!'),
(19, 4, 'Tempat nyaman, layanan oke'),
(20, 2, 'Kurang puas, hasilnya tidak rata'),
(21, 3, 'Layanan cukup memadai'),
(22, 5, 'Sangat bagus, sesuai harapan'),
(23, 4, 'Tertib dan rapi'),
(24, 5, 'Benar-benar hasil yang memuaskan'),
(25, 3, 'Harga cukup terjangkau, kualitas sesuai'),
(26, 5, 'Akan merekomendasikan ke teman-teman!'),
(27, 2, 'Hasil tidak sesuai permintaan'),
(28, 4, 'Cepat dan efisien'),
(29, 5, 'Sangat baik, hasil potongan rapi'),
(30, 3, 'Layanan biasa saja, standar'),
(31, 4, 'Memuaskan dan ramah'),
(32, 1, 'Tidak puas, pelayanan kurang ramah'),
(33, 5, 'Sangat profesional dan hasil rapi'),
(34, 3, 'Biasa saja, butuh peningkatan pelayanan');

